duration,pause_rate,speech_rate,lexical_diversity,avg_pitch,energy,word_count,sentence_count,mfcc_0,mfcc_1,mfcc_2,mfcc_3,mfcc_4,mfcc_5,mfcc_6,mfcc_7,mfcc_8,mfcc_9,mfcc_10,mfcc_11,mfcc_12,file,cluster,anomaly
3.42,0.49005847953216375,2.9239766081871346,1.0,1690.08203125,0.026555564254522324,10.0,1.0,-502.1933288574219,117.22493743896484,9.46471118927002,-5.791568279266357,-3.4996840953826904,-0.8472468256950378,-4.538023948669434,-9.788841247558594,-19.824474334716797,-16.720901489257812,-5.234020709991455,-4.110392093658447,-9.493128776550293,common_voice_en_40865225.wav,0,-1
4.608,0.31597222222222215,3.0381944444444446,0.9285714285714286,1340.5009765625,0.01848909631371498,14.0,1.0,-445.4906311035156,104.74020385742188,-4.469005107879639,23.132034301757812,-8.574052810668945,-1.2659105062484741,-9.37048625946045,1.6452224254608154,2.1881864070892334,-2.1524078845977783,-7.688551902770996,-4.399333953857422,-0.24308998882770538,common_voice_en_40865481.wav,0,1
4.284,0.3314659197012138,2.5676937441643326,1.0,1365.8948974609375,0.04776516929268837,11.0,1.0,-364.69647216796875,121.87891387939453,-7.309922695159912,25.673049926757812,-2.414191246032715,-3.443159341812134,-4.545785427093506,3.4025700092315674,-3.7454066276550293,-3.178044080734253,-2.5338780879974365,-4.7861647605896,-2.1812000274658203,common_voice_en_40865482.wav,1,1
5.22,0.28582375478927197,3.0651340996168583,1.0,1566.147705078125,0.04361163079738617,16.0,1.0,-368.62548828125,124.23103332519531,-21.272075653076172,22.778076171875,11.78564453125,-2.904176950454712,-6.194171905517578,6.489533424377441,-3.2597858905792236,-6.094034194946289,-1.901323914527893,-1.4697813987731934,3.9573142528533936,common_voice_en_40865483.wav,1,1
4.788,0.2949039264828739,2.7151211361737677,1.0,1493.9217529296875,0.032593827694654465,13.0,1.0,-393.2979736328125,128.46664428710938,-12.985856056213379,29.199853897094727,-3.1663877964019775,-5.904578685760498,-6.668862819671631,11.617077827453613,-1.4608819484710693,-4.838725566864014,-6.000251293182373,-4.752642631530762,3.5796163082122803,common_voice_en_40865484.wav,1,1
